Workbook

Sheet Artigos
A1: TCC – Faceta direta em resina composta: fichamento dos 30 artigos
A2: Como usar: as colunas J, K e L (em amarelo) são para você marcar 'Sim' conforme avança. Dentro de cada tópico, os artigos estão em ordem de ano, que é a ordem em que entram na Revisão de Literatura. A coluna 'Atenção' (em vermelho) aponta o que precisa ser resolvido.
A4: Nº | B4: Tópico do TCC | C4: Como citar no texto | D4: Ano | E4: Tipo de estudo | F4: Revista | G4: Assunto / o que fizeram | H4: Principal resultado / conclusão | I4: Atenção | J4: Li o artigo? | K4: Fiz a ficha? | L4: Escrevi o parágrafo?
A5: 1 | B5: 4.1 Facetas diretas: conceito, indicações e vantagens | C5: Lima et al. (2020) | D5: 2020 | E5: Revisão integrativa | F5: Brazilian Journal of Development | G5: Fechamento de diastema com facetas de resina associadas ao clareamento. | H5: Técnica rápida, de baixo custo e sem desgaste; planejamento periodontal e ortodôntico é importante.
A6: 2 | B6: 4.1 Facetas diretas: conceito, indicações e vantagens | C6: Silva, I. et al. (2021) | D6: 2021 | E6: Revisão de literatura | F6: Brazilian Journal of Development | G6: Aspectos gerais das facetas diretas em dentes anteriores; vantagens e desvantagens frente a outros tratamentos. | H6: Baixo custo, sessão única, mínimo desgaste e fácil reparo; colaboração do paciente é essencial para a longevidade. | I6: Há outro 'Silva et al. (2021)': use a inicial do prenome para diferenciar.
A7: 3 | B7: 4.1 Facetas diretas: conceito, indicações e vantagens | C7: Alves, Peres e Lima (2022) | D7: 2022 | E7: Revisão de literatura | F7: Revista Cathedral | G7: Indicações e técnica das facetas diretas em resina composta. | H7: Técnica direta: morfologia, cor e propriedades ópticas adequadas; resistência pode ser menor que a indireta.
A8: 4 | B8: 4.1 Facetas diretas: conceito, indicações e vantagens | C8: Brito, Ferreira e Yamashita (2022) | D8: 2022 | E8: Revisão narrativa | F8: Research, Society and Development | G8: Indicações e longevidade das facetas diretas e indiretas (estudos de 2001 a 2022). | H8: Indicadas para alterações de cor, forma, posição, microdontia etc.; planejamento, acabamento e polimento garantem durabilidade.
A9: 5 | B9: 4.1 Facetas diretas: conceito, indicações e vantagens | C9: Soares e Borges (2023) | D9: 2023 | E9: Revisão integrativa | F9: Research, Society and Development | G9: Técnicas, indicações, materiais, vantagens, desvantagens e manutenção das facetas diretas. | H9: Procedimento menos invasivo, sessão única, bom custo-benefício; exige domínio da técnica.
A10: 6 | B10: 4.1 Facetas diretas: conceito, indicações e vantagens | C10: Dominguez et al. (2024) | D10: 2024 | E10: Revisão de literatura | F10: Research, Society and Development | G10: Revisão ampla: materiais, técnica, planejamento (análise facial, cor, mock-up), longevidade e aspectos éticos/legais. | H10: Facetas diretas seguem como solução eficaz e confiável quando bem indicadas e planejadas.
A11: 7 | B11: 4.1 Facetas diretas: conceito, indicações e vantagens | C11: Lanzaretti et al. (2025) | D11: 2025 | E11: Revisão narrativa | F11: Minerva Dental and Oral Science | G11: Aplicação clínica, evolução dos materiais e satisfação do paciente; explica a técnica passo a passo. | H11: Alternativa prática, acessível e reversível à cerâmica; limitações: manchamento, menor durabilidade e manutenção. | I11: Artigo em inglês.
A12: 8 | B12: 4.2 Resinas compostas: propriedades e estabilidade | C12: Irgang et al. (2020) | D12: 2020 | E12: Estudo clínico retrospectivo | F12: Journal of Research in Dentistry | G12: Avaliação de 74 facetas diretas em 28 pacientes (6 meses a 10 anos em boca), resina microparticulada x universal, critérios FDI e USPHS. | H12: 77% de sobrevida; resina microparticulada teve melhor brilho, menos manchamento, melhor cor e adaptação marginal. | I12: Substitui o Manauta. Artigo em inglês.
A13: 9 | B13: 4.2 Resinas compostas: propriedades e estabilidade | C13: Fernandes et al. (2022) | D13: 2022 | E13: Estudo in vitro | F13: Revista de Odontologia da UNESP | G13: Microdureza de Z350 XT e One Bulk Fill com fotopolimerização imediata x pulso tardio (40 corpos de prova). | H13: Técnica imediata e resina Z350 XT apresentaram maior dureza.
A14: 10 | B14: 4.2 Resinas compostas: propriedades e estabilidade | C14: Tozo-Burgos, Escalante-Otárola e Sánchez-Tito (2025) | D14: 2025 | E14: Estudo in vitro | F14: Journal of Clinical and Experimental Dentistry | G14: Efeito de bebida energética (Red Bull) na microdureza e rugosidade de 5 resinas de alta translucidez por 30 dias. | H14: Todas perderam dureza e ganharam rugosidade; Z350 XT manteve maior dureza e Beautifil II foi a mais afetada. | I14: Artigo em inglês.
A15: 11 | B15: 4.3 Planejamento: enceramento, mock-up, guias e clareamento | C15: Reis et al. (2018) | D15: 2018 | E15: Relato de caso | F15: Revista Odontológica do Brasil Central | G15: Mock-up com resina bisacrílica antes de facetas diretas (paciente de 21 anos), após clareamento. | H15: Mock-up motivou a paciente, deu previsibilidade e segurança à execução.
A16: 12 | B16: 4.3 Planejamento: enceramento, mock-up, guias e clareamento | C16: Pereira et al. (2020) | D16: 2020 | E16: Relato de caso | F16: Revista Odontológica do Brasil Central | G16: Paciente de 23 anos: clareamento, espera de 21 dias, enceramento, guia de silicone, estratificação e polimento. | H16: Facetas em resina são tratamento viável para sorriso harmônico.
A17: 13 | B17: 4.3 Planejamento: enceramento, mock-up, guias e clareamento | C17: Oliveira et al. (2021) | D17: 2021 | E17: Relato de caso | F17: Research, Society and Development | G17: Fechamento de diastemas (paciente de 21 anos) guiado por enceramento diagnóstico e guia palatina. | H17: Enceramento e guia palatina deram previsibilidade; resultado depende do operador e do paciente.
A18: 14 | B18: 4.3 Planejamento: enceramento, mock-up, guias e clareamento | C18: Rocha et al. (2021) | D18: 2021 | E18: Relato de caso | F18: Revista Eletrônica Acervo Saúde | G18: Diastemas, laterais conoides e caninos girovertidos: clareamento, enceramento, guia palatina e facetas. | H18: Planejamento minucioso e manutenção semestral garantem o sucesso.
A19: 15 | B19: 4.4 Facetas diretas em situações clínicas específicas | C19: Korkut, Yanıkoğlu e Günday (2013) | D19: 2013 | E19: Relato de casos (3) | F19: Journal of Dental Research, Dental Clinics, Dental Prospects | G19: Facetas diretas em 3 pacientes com fratura, escurecimento e restauração antiga; acompanhamento de 6 meses. | H19: Facetas diretas são opção para problemas estéticos anteriores semelhantes. | I19: Artigo em inglês.
A20: 16 | B20: 4.4 Facetas diretas em situações clínicas específicas | C20: Bastos et al. (2018) | D20: 2018 | E20: Relato de caso | F20: Archives of Health Investigation | G20: Paciente de 39 anos com alteração de cor e bruxismo: clareamento e facetas com resina supra-nano esférica. | H20: Após 6 meses: bom aspecto clínico, sem acúmulo de biofilme nem desgaste.
A21: 17 | B21: 4.4 Facetas diretas em situações clínicas específicas | C21: Dias et al. (2020) | D21: 2020 | E21: Relato de caso | F21: RGO – Revista Gaúcha de Odontologia | G21: Paciente de 21 anos com manchas brancas de cárie inativa: clareamento e facetas diretas. | H21: Diagnóstico correto e planejamento adequado levaram a resultado satisfatório.
A22: 18 | B22: 4.4 Facetas diretas em situações clínicas específicas | C22: Falcão et al. (2023) | D22: 2023 | E22: Relato de caso | F22: Revista Naval de Odontologia | G22: Dente 21 escurecido (paciente de 54 anos, tratado endodonticamente): faceta direta com mistura de 3 pigmentos opacificadores. | H22: Estabilidade de cor aos 7 meses; técnica direta previsível em sessão única.
A23: 19 | B23: 4.4 Facetas diretas em situações clínicas específicas | C23: Joshi (2025) | D23: 2025 | E23: Relato de caso | F23: Scientiarum: A Multidisciplinary Journal | G23: Paciente de 43 anos com cáries, dente 22 escurecido e assimetria: clareamento interno, planejamento e facetas diretas. | H23: Abordagem conservadora com resultado estético excelente. | I23: Revista pouco conhecida e revisão muito rápida (6 dias). Artigo em inglês.
A24: 20 | B24: 4.4 Facetas diretas em situações clínicas específicas | C24: Vookanti et al. (2026) | D24: 2026 | E24: Relato de caso | F24: University Journal of Dental Sciences | G24: Fluorose moderada: preparo mínimo nas áreas manchadas, estratificação com resina nano-híbrida, sessão única. | H24: Facetas diretas são solução previsível, conservadora e de baixo custo para fluorose. | I24: Confirme o sobrenome do 1º autor (o PDF mostra 'Venkat Ramana Reddy' e 'Vookanti'). Artigo em inglês.
A25: 21 | B25: 4.5 Facetas diretas e o periodonto | C25: Silva, B. et al. (2021) | D25: 2021 | E25: Relato de caso | F25: Revista Odontológica Integrativa do Centro-Oeste (ROICO) | G25: Sorriso gengival: planejamento digital, gengivoplastia e, 90 dias depois, clareamento e facetas do 15 ao 25. | H25: Abordagem multidisciplinar periodontia + dentística é essencial. | I25: Há outro 'Silva et al. (2021)': use a inicial do prenome para diferenciar.
A26: 22 | B26: 4.5 Facetas diretas e o periodonto | C26: Santos et al. (2022) | D26: 2022 | E26: Revisão integrativa | F26: Research, Society and Development | G26: Impacto das facetas diretas no periodonto (5 livros e 17 artigos, 2003–2021). | H26: Podem causar inflamação gengival se o espaço biológico não for respeitado.
A27: 23 | B27: 4.5 Facetas diretas e o periodonto | C27: Lima, Amorim e Pereira (2023) | D27: 2023 | E27: Relato de caso | F27: Scientia Generalis | G27: Sorriso gengival e dentes curtos: gengivectomia em bisel interno e facetas em resina. | H27: Cirurgia + facetas melhoraram forma, contorno e tamanho de gengiva e dentes.
A28: 24 | B28: 4.6 Falhas, substituição e satisfação do paciente | C28: Bento et al. (2021) | D28: 2021 | E28: Relato de caso | F28: Archives of Health Investigation | G28: Diastema e dentes amarelados (paciente de 32 anos): clareamento, mock-up, facetas; questionário OHIP-14 antes e depois. | H28: O tratamento melhorou a qualidade de vida do paciente.
A29: 25 | B29: 4.6 Falhas, substituição e satisfação do paciente | C29: Cruz, A. et al. (2021) | D29: 2021 | E29: Relato de caso | F29: Research, Society and Development | G29: Troca de 10 facetas insatisfatórias (cor ruim e sangramento gengival). | H29: Indicação correta, planejamento e respeito ao periodonto evitam retratamentos. | I29: Há 'Cruz et al.' de 2021 e de 2023 (anos diferentes, então tudo bem).
A30: 26 | B30: 4.6 Falhas, substituição e satisfação do paciente | C30: Cruz, K. et al. (2023) | D30: 2023 | E30: Revisão de literatura | F30: Revista Cathedral | G30: Principais falhas na execução de facetas em resina composta. | H30: Principal causa: desempenho do dentista; também oclusão, parafunção e higiene do paciente.
A31: 27 | B31: 4.7 Longevidade: facetas diretas x indiretas | C31: Nalbandian e Millar (2009) | D31: 2009 | E31: Estudo clínico retrospectivo | F31: British Dental Journal | G31: Opinião de 96 pacientes sobre facetas diretas em resina x cerâmica. | H31: Melhora estética igual; resina preferida por conservar dente, ser mais rápida e mais barata de reparar. | I31: Artigo em inglês.
A32: 28 | B32: 4.7 Longevidade: facetas diretas x indiretas | C32: Teixeira et al. (2022) | D32: 2022 | E32: Revisão narrativa | F32: Research, Society and Development | G32: Longevidade de facetas diretas (resina) x indiretas (porcelana) em dentes anteriores; só estudos clínicos do PubMed. | H32: Indiretas tiveram sobrevida um pouco maior e mais estabilidade de cor; diretas são mais fáceis de ajustar forma e cor. | I32: Substitui o Josic. Discorda de Galvão et al. (2025): ótimo para a Discussão.
A33: 29 | B33: 4.7 Longevidade: facetas diretas x indiretas | C33: Vaz, Lopes e Toledo Neta (2022) | D33: 2022 | E33: Relato de caso | F33: Revista Odontológica Integrativa do Centro-Oeste (ROICO) | G33: Desalinhamento leve: cerâmica nos 6 anteriores e resina nos pré-molares, como alternativa à ortodontia. | H33: Associação de materiais devolveu estética e função. | I33: As facetas anteriores são de CERÂMICA: use só para comparação.
A34: 30 | B34: 4.7 Longevidade: facetas diretas x indiretas | C34: Galvão et al. (2025) | D34: 2025 | E34: Revisão sistemática | F34: RSBO | G34: Taxa de sobrevida de facetas diretas x indiretas em resina em dentes anteriores (5 estudos incluídos). | H34: Facetas diretas parecem ter maior longevidade; falhas mais comuns: descolamento e fratura. | I34: Artigo-chave para a Discussão.

Sheet Progresso por tópico
A1: Progresso por tópico (atualiza sozinho conforme você marca 'Sim' na aba Artigos)
A3: Tópico | B3: Nº de artigos | C3: Lidos | D3: Fichados | E3: Parágrafos escritos | F3: % escrito
A4: 4.1 Facetas diretas: conceito, indicações e vantagens | B4: =COUNTIF(Artigos!$B$5:$B$34,A4) -> 7 | C4: =COUNTIFS(Artigos!$B$5:$B$34,A4,Artigos!$J$5:$J$34,"Sim") -> 0 | D4: =COUNTIFS(Artigos!$B$5:$B$34,A4,Artigos!$K$5:$K$34,"Sim") -> 0 | E4: =COUNTIFS(Artigos!$B$5:$B$34,A4,Artigos!$L$5:$L$34,"Sim") -> 0 | F4: =IF(B4=0,0,E4/B4) -> 0
A5: 4.2 Resinas compostas: propriedades e estabilidade | B5: =COUNTIF(Artigos!$B$5:$B$34,A5) -> 3 | C5: =COUNTIFS(Artigos!$B$5:$B$34,A5,Artigos!$J$5:$J$34,"Sim") -> 0 | D5: =COUNTIFS(Artigos!$B$5:$B$34,A5,Artigos!$K$5:$K$34,"Sim") -> 0 | E5: =COUNTIFS(Artigos!$B$5:$B$34,A5,Artigos!$L$5:$L$34,"Sim") -> 0 | F5: =IF(B5=0,0,E5/B5) -> 0
A6: 4.3 Planejamento: enceramento, mock-up, guias e clareamento | B6: =COUNTIF(Artigos!$B$5:$B$34,A6) -> 4 | C6: =COUNTIFS(Artigos!$B$5:$B$34,A6,Artigos!$J$5:$J$34,"Sim") -> 0 | D6: =COUNTIFS(Artigos!$B$5:$B$34,A6,Artigos!$K$5:$K$34,"Sim") -> 0 | E6: =COUNTIFS(Artigos!$B$5:$B$34,A6,Artigos!$L$5:$L$34,"Sim") -> 0 | F6: =IF(B6=0,0,E6/B6) -> 0
A7: 4.4 Facetas diretas em situações clínicas específicas | B7: =COUNTIF(Artigos!$B$5:$B$34,A7) -> 6 | C7: =COUNTIFS(Artigos!$B$5:$B$34,A7,Artigos!$J$5:$J$34,"Sim") -> 0 | D7: =COUNTIFS(Artigos!$B$5:$B$34,A7,Artigos!$K$5:$K$34,"Sim") -> 0 | E7: =COUNTIFS(Artigos!$B$5:$B$34,A7,Artigos!$L$5:$L$34,"Sim") -> 0 | F7: =IF(B7=0,0,E7/B7) -> 0
A8: 4.5 Facetas diretas e o periodonto | B8: =COUNTIF(Artigos!$B$5:$B$34,A8) -> 3 | C8: =COUNTIFS(Artigos!$B$5:$B$34,A8,Artigos!$J$5:$J$34,"Sim") -> 0 | D8: =COUNTIFS(Artigos!$B$5:$B$34,A8,Artigos!$K$5:$K$34,"Sim") -> 0 | E8: =COUNTIFS(Artigos!$B$5:$B$34,A8,Artigos!$L$5:$L$34,"Sim") -> 0 | F8: =IF(B8=0,0,E8/B8) -> 0
A9: 4.6 Falhas, substituição e satisfação do paciente | B9: =COUNTIF(Artigos!$B$5:$B$34,A9) -> 3 | C9: =COUNTIFS(Artigos!$B$5:$B$34,A9,Artigos!$J$5:$J$34,"Sim") -> 0 | D9: =COUNTIFS(Artigos!$B$5:$B$34,A9,Artigos!$K$5:$K$34,"Sim") -> 0 | E9: =COUNTIFS(Artigos!$B$5:$B$34,A9,Artigos!$L$5:$L$34,"Sim") -> 0 | F9: =IF(B9=0,0,E9/B9) -> 0
A10: 4.7 Longevidade: facetas diretas x indiretas | B10: =COUNTIF(Artigos!$B$5:$B$34,A10) -> 4 | C10: =COUNTIFS(Artigos!$B$5:$B$34,A10,Artigos!$J$5:$J$34,"Sim") -> 0 | D10: =COUNTIFS(Artigos!$B$5:$B$34,A10,Artigos!$K$5:$K$34,"Sim") -> 0 | E10: =COUNTIFS(Artigos!$B$5:$B$34,A10,Artigos!$L$5:$L$34,"Sim") -> 0 | F10: =IF(B10=0,0,E10/B10) -> 0
A11: TOTAL | B11: =SUM(B4:B10) -> 30 | C11: =SUM(C4:C10) -> 0 | D11: =SUM(D4:D10) -> 0 | E11: =SUM(E4:E10) -> 0 | F11: =IF(B11=0,0,E11/B11) -> 0
